image,label,annotation_id
https://storage.googleapis.com/vwb-solns-public/data/hugs-data/hugs-data/hugs/5938621593_1beca465ed.jpg,hugs,0
https://storage.googleapis.com/vwb-solns-public/data/hugs-data/hugs-data/not-hugs/5485926479_6f0d1e4f5a.jpg,not-hugs,1
https://storage.googleapis.com/vwb-solns-public/data/hugs-data/hugs-data/hugs/13194748_3f318bbe7a.jpg,hugs,0
https://storage.googleapis.com/vwb-solns-public/data/hugs-data/hugs-data/hugs/6366930103_03bb355303_z.jpg,hugs,0
https://storage.googleapis.com/vwb-solns-public/data/hugs-data/hugs-data/not-hugs/7637247042_7dc8723643.jpg,not-hugs,1
https://storage.googleapis.com/vwb-solns-public/data/hugs-data/hugs-data/hugs/6174564653_ea72ee8f43_b.jpg,hugs,0
https://storage.googleapis.com/vwb-solns-public/data/hugs-data/hugs-data/not-hugs/15333024371_b264235b78.jpg,not-hugs,1
https://storage.googleapis.com/vwb-solns-public/data/hugs-data/hugs-data/not-hugs/15149609928_fa66b981d0.jpg,not-hugs,1
https://storage.googleapis.com/vwb-solns-public/data/hugs-data/hugs-data/hugs/16368431818_6867d4c3bc.jpg,hugs,0
https://storage.googleapis.com/vwb-solns-public/data/hugs-data/hugs-data/hugs/6127026927_32cb912856.jpg,hugs,0
https://storage.googleapis.com/vwb-solns-public/data/hugs-data/hugs-data/not-hugs/20418018984_9d590d1063.jpg,not-hugs,1
https://storage.googleapis.com/vwb-solns-public/data/hugs-data/hugs-data/hugs/2465934899_fba49850b6.jpg,hugs,0
https://storage.googleapis.com/vwb-solns-public/data/hugs-data/hugs-data/not-hugs/2465101465_613c4e3546.jpg,not-hugs,1
https://storage.googleapis.com/vwb-solns-public/data/hugs-data/hugs-data/not-hugs/6477842407_9682b94748.jpg,not-hugs,1
https://storage.googleapis.com/vwb-solns-public/data/hugs-data/hugs-data/not-hugs/2401885543_eeb32c538c.jpg,not-hugs,1
https://storage.googleapis.com/vwb-solns-public/data/hugs-data/hugs-data/not-hugs/10242619916_573872e322.jpg,not-hugs,1
https://storage.googleapis.com/vwb-solns-public/data/hugs-data/hugs-data/hugs/3014094249_895973edaf.jpg,hugs,0
https://storage.googleapis.com/vwb-solns-public/data/hugs-data/hugs-data/hugs/3882172324_cc4d4f9031.jpg,hugs,0
https://storage.googleapis.com/vwb-solns-public/data/hugs-data/hugs-data/not-hugs/5743950338_1eed2f7c9b.jpg,not-hugs,1
https://storage.googleapis.com/vwb-solns-public/data/hugs-data/hugs-data/not-hugs/12012543745_3bab802daa.jpg,not-hugs,1
https://storage.googleapis.com/vwb-solns-public/data/hugs-data/hugs-data/not-hugs/14228308072_7332c14722.jpg,not-hugs,1
https://storage.googleapis.com/vwb-solns-public/data/hugs-data/hugs-data/hugs/4752487161_264308e1d1.jpg,hugs,0
https://storage.googleapis.com/vwb-solns-public/data/hugs-data/hugs-data/hugs/8571230199_6c2012996a_z.jpg,hugs,0
https://storage.googleapis.com/vwb-solns-public/data/hugs-data/hugs-data/hugs/505483453_d1f29dc8d5.jpg,hugs,0
https://storage.googleapis.com/vwb-solns-public/data/hugs-data/hugs-data/not-hugs/17386043845_3363c105a1.jpg,not-hugs,1
https://storage.googleapis.com/vwb-solns-public/data/hugs-data/hugs-data/hugs/18000412638_231bd2f771.jpg,hugs,0
https://storage.googleapis.com/vwb-solns-public/data/hugs-data/hugs-data/hugs/3395281386_43d124259e.jpg,hugs,0
https://storage.googleapis.com/vwb-solns-public/data/hugs-data/hugs-data/hugs/2563446022_91938d41df_b.jpg,hugs,0
https://storage.googleapis.com/vwb-solns-public/data/hugs-data/hugs-data/hugs/15574950761_7da04a1318.jpg,hugs,0
https://storage.googleapis.com/vwb-solns-public/data/hugs-data/hugs-data/not-hugs/11350777323_c94f95df2a.jpg,not-hugs,1
https://storage.googleapis.com/vwb-solns-public/data/hugs-data/hugs-data/hugs/6095847676_2d13862bb9.jpg,hugs,0
https://storage.googleapis.com/vwb-solns-public/data/hugs-data/hugs-data/not-hugs/3780289752_4aefc56f1b.jpg,not-hugs,1
https://storage.googleapis.com/vwb-solns-public/data/hugs-data/hugs-data/hugs/7245495564_dd2d7a9074.jpg,hugs,0
https://storage.googleapis.com/vwb-solns-public/data/hugs-data/hugs-data/hugs/4586852574_8f180d9e3e.jpg,hugs,0
https://storage.googleapis.com/vwb-solns-public/data/hugs-data/hugs-data/not-hugs/3098235695_13e1a76d6d.jpg,not-hugs,1
https://storage.googleapis.com/vwb-solns-public/data/hugs-data/hugs-data/hugs/3440679976_321876a0d6.jpg,hugs,0
https://storage.googleapis.com/vwb-solns-public/data/hugs-data/hugs-data/hugs/158786811_7f011e93c7.jpg,hugs,0
https://storage.googleapis.com/vwb-solns-public/data/hugs-data/hugs-data/not-hugs/16944485059_d815746c8f.jpg,not-hugs,1
https://storage.googleapis.com/vwb-solns-public/data/hugs-data/hugs-data/not-hugs/6019920600_3ac115b4b1.jpg,not-hugs,1
https://storage.googleapis.com/vwb-solns-public/data/hugs-data/hugs-data/not-hugs/79587104_70115a05e5.jpg,not-hugs,1
https://storage.googleapis.com/vwb-solns-public/data/hugs-data/hugs-data/not-hugs/4437153347_513f90fa8b.jpg,not-hugs,1
https://storage.googleapis.com/vwb-solns-public/data/hugs-data/hugs-data/hugs/9022900820_0f4aff2b46.jpg,hugs,0
https://storage.googleapis.com/vwb-solns-public/data/hugs-data/hugs-data/not-hugs/2820027108_ac68c78c41.jpg,not-hugs,1
https://storage.googleapis.com/vwb-solns-public/data/hugs-data/hugs-data/not-hugs/4797445675_98ea3df514.jpg,not-hugs,1
https://storage.googleapis.com/vwb-solns-public/data/hugs-data/hugs-data/hugs/559502377_dcd2b70993_z.jpg,hugs,0
https://storage.googleapis.com/vwb-solns-public/data/hugs-data/hugs-data/hugs/4977249783_0e41eb35fb.jpg,hugs,0
https://storage.googleapis.com/vwb-solns-public/data/hugs-data/hugs-data/hugs/7335671690_a39c0b85b1.jpg,hugs,0
https://storage.googleapis.com/vwb-solns-public/data/hugs-data/hugs-data/hugs/20118307724_5e066924f9_b.jpg,hugs,0
https://storage.googleapis.com/vwb-solns-public/data/hugs-data/hugs-data/not-hugs/3098235713_36919ddeec.jpg,not-hugs,1
https://storage.googleapis.com/vwb-solns-public/data/hugs-data/hugs-data/not-hugs/113491615_1ada4503b2.jpg,not-hugs,1
https://storage.googleapis.com/vwb-solns-public/data/hugs-data/hugs-data/not-hugs/8694863971_ea92fb514b.jpg,not-hugs,1
https://storage.googleapis.com/vwb-solns-public/data/hugs-data/hugs-data/not-hugs/8495309981_d5acd08e43.jpg,not-hugs,1
https://storage.googleapis.com/vwb-solns-public/data/hugs-data/hugs-data/hugs/1118093174_f657dccc52.jpg,hugs,0
https://storage.googleapis.com/vwb-solns-public/data/hugs-data/hugs-data/not-hugs/18381181432_84c50c21a4.jpg,not-hugs,1
https://storage.googleapis.com/vwb-solns-public/data/hugs-data/hugs-data/not-hugs/4339501254_e05077d0fd.jpg,not-hugs,1
https://storage.googleapis.com/vwb-solns-public/data/hugs-data/hugs-data/hugs/916890888_c8e44a6312_b.jpg,hugs,0
https://storage.googleapis.com/vwb-solns-public/data/hugs-data/hugs-data/hugs/9783035421_d4c6569fda.jpg,hugs,0
https://storage.googleapis.com/vwb-solns-public/data/hugs-data/hugs-data/not-hugs/4668010058_bd6221ffa8.jpg,not-hugs,1
https://storage.googleapis.com/vwb-solns-public/data/hugs-data/hugs-data/not-hugs/5846514483_ff4b846458.jpg,not-hugs,1
https://storage.googleapis.com/vwb-solns-public/data/hugs-data/hugs-data/hugs/18182486892_504e885c3d.jpg,hugs,0
https://storage.googleapis.com/vwb-solns-public/data/hugs-data/hugs-data/hugs/2902080549_6c22968069.jpg,hugs,0
https://storage.googleapis.com/vwb-solns-public/data/hugs-data/hugs-data/hugs/3474964518_392f072954.jpg,hugs,0
https://storage.googleapis.com/vwb-solns-public/data/hugs-data/hugs-data/hugs/14291555894_da70d42de7.jpg,hugs,0
https://storage.googleapis.com/vwb-solns-public/data/hugs-data/hugs-data/hugs/2521831945_3b041c695d.jpg,hugs,0
https://storage.googleapis.com/vwb-solns-public/data/hugs-data/hugs-data/not-hugs/2352766705_4b35158aea.jpg,not-hugs,1
https://storage.googleapis.com/vwb-solns-public/data/hugs-data/hugs-data/hugs/3690440860_b57ca81d53_b.jpg,hugs,0
https://storage.googleapis.com/vwb-solns-public/data/hugs-data/hugs-data/not-hugs/3137915692_5d1c9d0e2c.jpg,not-hugs,1
https://storage.googleapis.com/vwb-solns-public/data/hugs-data/hugs-data/hugs/8507141742_07e0425a88.jpg,hugs,0
https://storage.googleapis.com/vwb-solns-public/data/hugs-data/hugs-data/not-hugs/5586965873_810f5b0747.jpg,not-hugs,1
https://storage.googleapis.com/vwb-solns-public/data/hugs-data/hugs-data/hugs/6822925253_1c0531d0c2_z.jpg,hugs,0
https://storage.googleapis.com/vwb-solns-public/data/hugs-data/hugs-data/hugs/2501087030_25fb2a1b1e.jpg,hugs,0
https://storage.googleapis.com/vwb-solns-public/data/hugs-data/hugs-data/not-hugs/3480517048_fc03fc823e.jpg,not-hugs,1
https://storage.googleapis.com/vwb-solns-public/data/hugs-data/hugs-data/not-hugs/494015217_90cdfdefcd.jpg,not-hugs,1
https://storage.googleapis.com/vwb-solns-public/data/hugs-data/hugs-data/hugs/4752502493_75f1fef065.jpg,hugs,0
https://storage.googleapis.com/vwb-solns-public/data/hugs-data/hugs-data/not-hugs/5506648882_29a92b6ae9.jpg,not-hugs,1
https://storage.googleapis.com/vwb-solns-public/data/hugs-data/hugs-data/not-hugs/3342712923_245c3e7b55.jpg,not-hugs,1
https://storage.googleapis.com/vwb-solns-public/data/hugs-data/hugs-data/hugs/3540276896_31dd530277.jpg,hugs,0
https://storage.googleapis.com/vwb-solns-public/data/hugs-data/hugs-data/not-hugs/4632703095_c6d748ef7f.jpg,not-hugs,1
https://storage.googleapis.com/vwb-solns-public/data/hugs-data/hugs-data/not-hugs/7396791752_eda642b77f.jpg,not-hugs,1
https://storage.googleapis.com/vwb-solns-public/data/hugs-data/hugs-data/not-hugs/3527820716_0283062245.jpg,not-hugs,1
https://storage.googleapis.com/vwb-solns-public/data/hugs-data/hugs-data/not-hugs/339943684_851a10b67e.jpg,not-hugs,1
https://storage.googleapis.com/vwb-solns-public/data/hugs-data/hugs-data/hugs/4626207188_d87e659af7.jpg,hugs,0
https://storage.googleapis.com/vwb-solns-public/data/hugs-data/hugs-data/not-hugs/19243890_7a44792c3c.jpg,not-hugs,1
https://storage.googleapis.com/vwb-solns-public/data/hugs-data/hugs-data/not-hugs/2706422755_fde345e491.jpg,not-hugs,1
https://storage.googleapis.com/vwb-solns-public/data/hugs-data/hugs-data/hugs/9899551176_b8c9c7dd30.jpg,hugs,0
https://storage.googleapis.com/vwb-solns-public/data/hugs-data/hugs-data/not-hugs/5780133183_f974a303b0.jpg,not-hugs,1
https://storage.googleapis.com/vwb-solns-public/data/hugs-data/hugs-data/not-hugs/5039810904_4c2fe7e970.jpg,not-hugs,1
https://storage.googleapis.com/vwb-solns-public/data/hugs-data/hugs-data/hugs/9160821720_d1d926be43_b.jpg,hugs,0
https://storage.googleapis.com/vwb-solns-public/data/hugs-data/hugs-data/hugs/3345862423_8458cace20.jpg,hugs,0
https://storage.googleapis.com/vwb-solns-public/data/hugs-data/hugs-data/not-hugs/17299997466_4807b7ba80.jpg,not-hugs,1
https://storage.googleapis.com/vwb-solns-public/data/hugs-data/hugs-data/not-hugs/17034049185_20123d2902.jpg,not-hugs,1
https://storage.googleapis.com/vwb-solns-public/data/hugs-data/hugs-data/not-hugs/5055158188_dce3cbe88e.jpg,not-hugs,1
https://storage.googleapis.com/vwb-solns-public/data/hugs-data/hugs-data/hugs/2715508281_8d5c77f39a_z.jpg,hugs,0
https://storage.googleapis.com/vwb-solns-public/data/hugs-data/hugs-data/hugs/15379396963_b0c1e50355_b.jpg,hugs,0
https://storage.googleapis.com/vwb-solns-public/data/hugs-data/hugs-data/hugs/8337255912_895f5a2a05.jpg,hugs,0
https://storage.googleapis.com/vwb-solns-public/data/hugs-data/hugs-data/not-hugs/3046410645_2eb802cd4a.jpg,not-hugs,1
https://storage.googleapis.com/vwb-solns-public/data/hugs-data/hugs-data/hugs/376871718_8b6271b36f.jpg,hugs,0
https://storage.googleapis.com/vwb-solns-public/data/hugs-data/hugs-data/hugs/3753651436_87c9e74071.jpg,hugs,0
https://storage.googleapis.com/vwb-solns-public/data/hugs-data/hugs-data/not-hugs/3625223334_5ae3e70768.jpg,not-hugs,1
https://storage.googleapis.com/vwb-solns-public/data/hugs-data/hugs-data/hugs/8579349143_c03fab88e6.jpg,hugs,0
https://storage.googleapis.com/vwb-solns-public/data/hugs-data/hugs-data/hugs/612470115_fbd7104843_z.jpg,hugs,0
https://storage.googleapis.com/vwb-solns-public/data/hugs-data/hugs-data/not-hugs/1554970869_1d6ce9e9d9.jpg,not-hugs,1
https://storage.googleapis.com/vwb-solns-public/data/hugs-data/hugs-data/not-hugs/19667634644_521b02437b.jpg,not-hugs,1
https://storage.googleapis.com/vwb-solns-public/data/hugs-data/hugs-data/not-hugs/14531627678_48507bc7b2.jpg,not-hugs,1
https://storage.googleapis.com/vwb-solns-public/data/hugs-data/hugs-data/not-hugs/5773745822_b050269256.jpg,not-hugs,1
https://storage.googleapis.com/vwb-solns-public/data/hugs-data/hugs-data/hugs/5971131112_5618deae7f.jpg,hugs,0
https://storage.googleapis.com/vwb-solns-public/data/hugs-data/hugs-data/not-hugs/3533166524_365074f983.jpg,not-hugs,1
https://storage.googleapis.com/vwb-solns-public/data/hugs-data/hugs-data/not-hugs/527692838_d5434aa55c.jpg,not-hugs,1
https://storage.googleapis.com/vwb-solns-public/data/hugs-data/hugs-data/not-hugs/11017760773_bd2cb45991.jpg,not-hugs,1
https://storage.googleapis.com/vwb-solns-public/data/hugs-data/hugs-data/hugs/8321516247_0c416b3f67.jpg,hugs,0
https://storage.googleapis.com/vwb-solns-public/data/hugs-data/hugs-data/not-hugs/4289782818_a19dd14312.jpg,not-hugs,1
https://storage.googleapis.com/vwb-solns-public/data/hugs-data/hugs-data/not-hugs/19667677924_9712b133cd.jpg,not-hugs,1
https://storage.googleapis.com/vwb-solns-public/data/hugs-data/hugs-data/hugs/21865035929_943cc077db.jpg,hugs,0
https://storage.googleapis.com/vwb-solns-public/data/hugs-data/hugs-data/hugs/11469464543_8ebeb4953e.jpg,hugs,0
https://storage.googleapis.com/vwb-solns-public/data/hugs-data/hugs-data/not-hugs/8763985569_74d1d2056a.jpg,not-hugs,1
https://storage.googleapis.com/vwb-solns-public/data/hugs-data/hugs-data/not-hugs/3552559359_3d6e2f8db9.jpg,not-hugs,1
https://storage.googleapis.com/vwb-solns-public/data/hugs-data/hugs-data/hugs/1855320076_4c7ff02f24.jpg,hugs,0
https://storage.googleapis.com/vwb-solns-public/data/hugs-data/hugs-data/hugs/6367077969_05b5e46f8a_z.jpg,hugs,0
https://storage.googleapis.com/vwb-solns-public/data/hugs-data/hugs-data/not-hugs/7707728016_5f0ca43b0b.jpg,not-hugs,1
https://storage.googleapis.com/vwb-solns-public/data/hugs-data/hugs-data/not-hugs/6702690079_6c702fcc20.jpg,not-hugs,1
https://storage.googleapis.com/vwb-solns-public/data/hugs-data/hugs-data/hugs/8857166116_8347966c92.jpg,hugs,0
https://storage.googleapis.com/vwb-solns-public/data/hugs-data/hugs-data/not-hugs/12423953303_83e2744175.jpg,not-hugs,1
https://storage.googleapis.com/vwb-solns-public/data/hugs-data/hugs-data/hugs/18789450578_110ca65a08.jpg,hugs,0
https://storage.googleapis.com/vwb-solns-public/data/hugs-data/hugs-data/hugs/4719521450_d147a12992_b.jpg,hugs,0
https://storage.googleapis.com/vwb-solns-public/data/hugs-data/hugs-data/not-hugs/526802071_dbdb6a6ad1.jpg,not-hugs,1
https://storage.googleapis.com/vwb-solns-public/data/hugs-data/hugs-data/hugs/4395606431_34d182b6b7.jpg,hugs,0
https://storage.googleapis.com/vwb-solns-public/data/hugs-data/hugs-data/hugs/4640290395_222dc22d38.jpg,hugs,0
https://storage.googleapis.com/vwb-solns-public/data/hugs-data/hugs-data/hugs/9158628061_98cb7aed5c_z.jpg,hugs,0
https://storage.googleapis.com/vwb-solns-public/data/hugs-data/hugs-data/hugs/4673439590_7e7aaaa14f.jpg,hugs,0
https://storage.googleapis.com/vwb-solns-public/data/hugs-data/hugs-data/hugs/4601997097_be93f1d9d6.jpg,hugs,0
https://storage.googleapis.com/vwb-solns-public/data/hugs-data/hugs-data/not-hugs/448736825_365533f313.jpg,not-hugs,1
https://storage.googleapis.com/vwb-solns-public/data/hugs-data/hugs-data/not-hugs/6255060402_be52eb34c7.jpg,not-hugs,1
https://storage.googleapis.com/vwb-solns-public/data/hugs-data/hugs-data/hugs/3725686662_8baaf9530c.jpg,hugs,0
https://storage.googleapis.com/vwb-solns-public/data/hugs-data/hugs-data/hugs/543403829_8e7295c23b.jpg,hugs,0
https://storage.googleapis.com/vwb-solns-public/data/hugs-data/hugs-data/not-hugs/401405617_a0f6bcdf45.jpg,not-hugs,1
https://storage.googleapis.com/vwb-solns-public/data/hugs-data/hugs-data/hugs/5956707386_18b7c3e528.jpg,hugs,0
https://storage.googleapis.com/vwb-solns-public/data/hugs-data/hugs-data/hugs/8470323246_6336f07b76.jpg,hugs,0
https://storage.googleapis.com/vwb-solns-public/data/hugs-data/hugs-data/not-hugs/4738469217_b17d9f9067.jpg,not-hugs,1
https://storage.googleapis.com/vwb-solns-public/data/hugs-data/hugs-data/not-hugs/3640804566_2522a14543.jpg,not-hugs,1
https://storage.googleapis.com/vwb-solns-public/data/hugs-data/hugs-data/hugs/2902702520_cc18ecb5f3.jpg,hugs,0
https://storage.googleapis.com/vwb-solns-public/data/hugs-data/hugs-data/not-hugs/16417242318_4021f613ff.jpg,not-hugs,1
https://storage.googleapis.com/vwb-solns-public/data/hugs-data/hugs-data/not-hugs/2841343397_0ab4cfb17c.jpg,not-hugs,1
https://storage.googleapis.com/vwb-solns-public/data/hugs-data/hugs-data/hugs/4056484022_405605b682.jpg,hugs,0
https://storage.googleapis.com/vwb-solns-public/data/hugs-data/hugs-data/hugs/2897190080_84836621da.jpg,hugs,0
https://storage.googleapis.com/vwb-solns-public/data/hugs-data/hugs-data/hugs/20511984541_92de5e65a8_b.jpg,hugs,0
https://storage.googleapis.com/vwb-solns-public/data/hugs-data/hugs-data/hugs/1210674065_76b433cf32.jpg,hugs,0
https://storage.googleapis.com/vwb-solns-public/data/hugs-data/hugs-data/not-hugs/9080036918_8b5c959a95.jpg,not-hugs,1
https://storage.googleapis.com/vwb-solns-public/data/hugs-data/hugs-data/not-hugs/5432320481_424fc6ef4f.jpg,not-hugs,1
https://storage.googleapis.com/vwb-solns-public/data/hugs-data/hugs-data/hugs/8517659367_9bbfa7ed24.jpg,hugs,0
https://storage.googleapis.com/vwb-solns-public/data/hugs-data/hugs-data/hugs/6286160328_b6b0d1bd29.jpg,hugs,0
https://storage.googleapis.com/vwb-solns-public/data/hugs-data/hugs-data/not-hugs/21439318713_54eb653bd6.jpg,not-hugs,1
https://storage.googleapis.com/vwb-solns-public/data/hugs-data/hugs-data/not-hugs/20443889624_b94114772e.jpg,not-hugs,1
https://storage.googleapis.com/vwb-solns-public/data/hugs-data/hugs-data/not-hugs/8494528623_d54d8a213e.jpg,not-hugs,1
https://storage.googleapis.com/vwb-solns-public/data/hugs-data/hugs-data/hugs/147660610_74d3e0ad88.jpg,hugs,0
https://storage.googleapis.com/vwb-solns-public/data/hugs-data/hugs-data/hugs/7715557958_6d782b1b31.jpg,hugs,0
https://storage.googleapis.com/vwb-solns-public/data/hugs-data/hugs-data/not-hugs/4799512235_bef06f4d56.jpg,not-hugs,1
https://storage.googleapis.com/vwb-solns-public/data/hugs-data/hugs-data/hugs/269161647_b3566bbb4b_b.jpg,hugs,0
https://storage.googleapis.com/vwb-solns-public/data/hugs-data/hugs-data/not-hugs/2514087603_9a0b7d0a9c.jpg,not-hugs,1
https://storage.googleapis.com/vwb-solns-public/data/hugs-data/hugs-data/hugs/3946321012_0dc24c9bcd.jpg,hugs,0
https://storage.googleapis.com/vwb-solns-public/data/hugs-data/hugs-data/hugs/553955755_2ba3f4c7dd.jpg,hugs,0
https://storage.googleapis.com/vwb-solns-public/data/hugs-data/hugs-data/hugs/2465927033_68312a84e4.jpg,hugs,0
https://storage.googleapis.com/vwb-solns-public/data/hugs-data/hugs-data/hugs/906420319_a05e3c1505.jpg,hugs,0
https://storage.googleapis.com/vwb-solns-public/data/hugs-data/hugs-data/not-hugs/404870162_b386f6e1d2.jpg,not-hugs,1
https://storage.googleapis.com/vwb-solns-public/data/hugs-data/hugs-data/not-hugs/205991989_172ba34d9a.jpg,not-hugs,1
https://storage.googleapis.com/vwb-solns-public/data/hugs-data/hugs-data/not-hugs/5343914944_1b7b53b636.jpg,not-hugs,1
https://storage.googleapis.com/vwb-solns-public/data/hugs-data/hugs-data/not-hugs/1778428151_5ea7149939.jpg,not-hugs,1
https://storage.googleapis.com/vwb-solns-public/data/hugs-data/hugs-data/hugs/946566681_4f60c7b8d8.jpg,hugs,0
https://storage.googleapis.com/vwb-solns-public/data/hugs-data/hugs-data/not-hugs/135487181_c59fdd6eed.jpg,not-hugs,1
https://storage.googleapis.com/vwb-solns-public/data/hugs-data/hugs-data/hugs/3168647309_e8976f325d.jpg,hugs,0
https://storage.googleapis.com/vwb-solns-public/data/hugs-data/hugs-data/hugs/4447545030_21b2a0be54.jpg,hugs,0
https://storage.googleapis.com/vwb-solns-public/data/hugs-data/hugs-data/not-hugs/4643832076_c99368a390.jpg,not-hugs,1
https://storage.googleapis.com/vwb-solns-public/data/hugs-data/hugs-data/not-hugs/15582603047_4e7d69e019.jpg,not-hugs,1
https://storage.googleapis.com/vwb-solns-public/data/hugs-data/hugs-data/hugs/8587875078_99ddc38eb6.jpg,hugs,0
https://storage.googleapis.com/vwb-solns-public/data/hugs-data/hugs-data/hugs/9657663914_49807eac83.jpg,hugs,0
https://storage.googleapis.com/vwb-solns-public/data/hugs-data/hugs-data/hugs/6876280595_4bc8e9c334_z.jpg,hugs,0
https://storage.googleapis.com/vwb-solns-public/data/hugs-data/hugs-data/not-hugs/8812755312_0b17f47e95.jpg,not-hugs,1
https://storage.googleapis.com/vwb-solns-public/data/hugs-data/hugs-data/hugs/2206782873_d7efdd1cdd.jpg,hugs,0
https://storage.googleapis.com/vwb-solns-public/data/hugs-data/hugs-data/hugs/7983481716_92d81fe8c3.jpg,hugs,0
https://storage.googleapis.com/vwb-solns-public/data/hugs-data/hugs-data/not-hugs/2326386060_2b4ee0f137.jpg,not-hugs,1
https://storage.googleapis.com/vwb-solns-public/data/hugs-data/hugs-data/not-hugs/2144398592_896460aca2.jpg,not-hugs,1
https://storage.googleapis.com/vwb-solns-public/data/hugs-data/hugs-data/hugs/5026514571_7ef59fe577.jpg,hugs,0
https://storage.googleapis.com/vwb-solns-public/data/hugs-data/hugs-data/hugs/7110006575_eeed589d6a.jpg,hugs,0
https://storage.googleapis.com/vwb-solns-public/data/hugs-data/hugs-data/hugs/14133914169_f90b11ce8e_b.jpg,hugs,0
https://storage.googleapis.com/vwb-solns-public/data/hugs-data/hugs-data/not-hugs/1800399401_e4a3bbf507.jpg,not-hugs,1
https://storage.googleapis.com/vwb-solns-public/data/hugs-data/hugs-data/hugs/4433645641_5367939eb1.jpg,hugs,0
https://storage.googleapis.com/vwb-solns-public/data/hugs-data/hugs-data/not-hugs/4493969637_6158418da6.jpg,not-hugs,1
https://storage.googleapis.com/vwb-solns-public/data/hugs-data/hugs-data/hugs/14190125525_0fc5ef0525.jpg,hugs,0
https://storage.googleapis.com/vwb-solns-public/data/hugs-data/hugs-data/hugs/4399646119_e32b8b1f79.jpg,hugs,0
https://storage.googleapis.com/vwb-solns-public/data/hugs-data/hugs-data/not-hugs/2157700122_b96a741b78.jpg,not-hugs,1
https://storage.googleapis.com/vwb-solns-public/data/hugs-data/hugs-data/not-hugs/24075936631_4ff396d153.jpg,not-hugs,1
https://storage.googleapis.com/vwb-solns-public/data/hugs-data/hugs-data/not-hugs/9374721037_0056e6fe05.jpg,not-hugs,1
https://storage.googleapis.com/vwb-solns-public/data/hugs-data/hugs-data/not-hugs/31823260_31e1894b1f.jpg,not-hugs,1
https://storage.googleapis.com/vwb-solns-public/data/hugs-data/hugs-data/hugs/9160849350_680a807c36_z.jpg,hugs,0
https://storage.googleapis.com/vwb-solns-public/data/hugs-data/hugs-data/not-hugs/3640805316_7a1b2ef8b2.jpg,not-hugs,1
https://storage.googleapis.com/vwb-solns-public/data/hugs-data/hugs-data/hugs/3454981200_36bee565cf.jpg,hugs,0
https://storage.googleapis.com/vwb-solns-public/data/hugs-data/hugs-data/hugs/559182024_df07860724_z.jpg,hugs,0
https://storage.googleapis.com/vwb-solns-public/data/hugs-data/hugs-data/not-hugs/113491614_d3ceed0842.jpg,not-hugs,1
https://storage.googleapis.com/vwb-solns-public/data/hugs-data/hugs-data/hugs/3681735154_8ef5129c1a.jpg,hugs,0
https://storage.googleapis.com/vwb-solns-public/data/hugs-data/hugs-data/not-hugs/2424064848_15586f5374.jpg,not-hugs,1
https://storage.googleapis.com/vwb-solns-public/data/hugs-data/hugs-data/hugs/8522149242_cbbd419651_z.jpg,hugs,0
https://storage.googleapis.com/vwb-solns-public/data/hugs-data/hugs-data/not-hugs/2506898440_1bcc2e147a.jpg,not-hugs,1
https://storage.googleapis.com/vwb-solns-public/data/hugs-data/hugs-data/not-hugs/3501296073_4f11e7e9b3.jpg,not-hugs,1
https://storage.googleapis.com/vwb-solns-public/data/hugs-data/hugs-data/not-hugs/13218632344_0ce45b6dda.jpg,not-hugs,1
https://storage.googleapis.com/vwb-solns-public/data/hugs-data/hugs-data/hugs/9130237647_99454d4e43_z.jpg,hugs,0
https://storage.googleapis.com/vwb-solns-public/data/hugs-data/hugs-data/not-hugs/941003905_7eb47635b8.jpg,not-hugs,1
https://storage.googleapis.com/vwb-solns-public/data/hugs-data/hugs-data/hugs/6690047581_a0c9c882af.jpg,hugs,0
https://storage.googleapis.com/vwb-solns-public/data/hugs-data/hugs-data/hugs/5078002227_1cd5bf95b5.jpg,hugs,0
https://storage.googleapis.com/vwb-solns-public/data/hugs-data/hugs-data/not-hugs/4541749521_b597d78dc9.jpg,not-hugs,1
https://storage.googleapis.com/vwb-solns-public/data/hugs-data/hugs-data/hugs/9219828299_73fe127b05.jpg,hugs,0
https://storage.googleapis.com/vwb-solns-public/data/hugs-data/hugs-data/hugs/3390253076_a8949da8d7.jpg,hugs,0
https://storage.googleapis.com/vwb-solns-public/data/hugs-data/hugs-data/not-hugs/8501200946_9171db9da0.jpg,not-hugs,1
https://storage.googleapis.com/vwb-solns-public/data/hugs-data/hugs-data/not-hugs/322224097_b9ad0e6280.jpg,not-hugs,1
https://storage.googleapis.com/vwb-solns-public/data/hugs-data/hugs-data/not-hugs/533110865_438aa25a39.jpg,not-hugs,1
https://storage.googleapis.com/vwb-solns-public/data/hugs-data/hugs-data/not-hugs/370183066_ab3696e193.jpg,not-hugs,1
https://storage.googleapis.com/vwb-solns-public/data/hugs-data/hugs-data/not-hugs/10124050024_c3a3f4fb05.jpg,not-hugs,1
https://storage.googleapis.com/vwb-solns-public/data/hugs-data/hugs-data/not-hugs/1137172662_d33514ff10.jpg,not-hugs,1
https://storage.googleapis.com/vwb-solns-public/data/hugs-data/hugs-data/not-hugs/6608066551_b1131c03ef.jpg,not-hugs,1
https://storage.googleapis.com/vwb-solns-public/data/hugs-data/hugs-data/hugs/4578551492_09d85bc712_z.jpg,hugs,0
https://storage.googleapis.com/vwb-solns-public/data/hugs-data/hugs-data/hugs/14153097657_cfc6f9a23c.jpg,hugs,0
https://storage.googleapis.com/vwb-solns-public/data/hugs-data/hugs-data/not-hugs/5375911501_bd20516026.jpg,not-hugs,1
https://storage.googleapis.com/vwb-solns-public/data/hugs-data/hugs-data/hugs/2607579576_d5c56854c9.jpg,hugs,0
https://storage.googleapis.com/vwb-solns-public/data/hugs-data/hugs-data/hugs/15133595755_841540a1cc_z.jpg,hugs,0
https://storage.googleapis.com/vwb-solns-public/data/hugs-data/hugs-data/not-hugs/11126685764_e67b765189.jpg,not-hugs,1
https://storage.googleapis.com/vwb-solns-public/data/hugs-data/hugs-data/hugs/20319458950_4d0f814da5_b.jpg,hugs,0
https://storage.googleapis.com/vwb-solns-public/data/hugs-data/hugs-data/hugs/6071280546_b69f6e072e.jpg,hugs,0
https://storage.googleapis.com/vwb-solns-public/data/hugs-data/hugs-data/hugs/9166844683_bd595964ec_z.jpg,hugs,0
https://storage.googleapis.com/vwb-solns-public/data/hugs-data/hugs-data/hugs/5219742037_3c0b0c0962.jpg,hugs,0
https://storage.googleapis.com/vwb-solns-public/data/hugs-data/hugs-data/hugs/2699977573_9365749335.jpg,hugs,0
https://storage.googleapis.com/vwb-solns-public/data/hugs-data/hugs-data/not-hugs/3445979453_bf14c48932.jpg,not-hugs,1
https://storage.googleapis.com/vwb-solns-public/data/hugs-data/hugs-data/not-hugs/867129063_29b9e9518c.jpg,not-hugs,1
https://storage.googleapis.com/vwb-solns-public/data/hugs-data/hugs-data/hugs/6183812312_dd80918ea2.jpg,hugs,0
https://storage.googleapis.com/vwb-solns-public/data/hugs-data/hugs-data/not-hugs/3261812869_b93a0d0a4f.jpg,not-hugs,1
https://storage.googleapis.com/vwb-solns-public/data/hugs-data/hugs-data/hugs/9568101585_c5f6eddfc8.jpg,hugs,0
https://storage.googleapis.com/vwb-solns-public/data/hugs-data/hugs-data/not-hugs/3278590375_d5fdb8131a.jpg,not-hugs,1
https://storage.googleapis.com/vwb-solns-public/data/hugs-data/hugs-data/hugs/6071328478_ab7935c10b.jpg,hugs,0
https://storage.googleapis.com/vwb-solns-public/data/hugs-data/hugs-data/hugs/3946668599_90958b634c.jpg,hugs,0
https://storage.googleapis.com/vwb-solns-public/data/hugs-data/hugs-data/hugs/331448130_e9026cb018.jpg,hugs,0
https://storage.googleapis.com/vwb-solns-public/data/hugs-data/hugs-data/not-hugs/3263738220_73069c27e0.jpg,not-hugs,1
https://storage.googleapis.com/vwb-solns-public/data/hugs-data/hugs-data/hugs/70660805_4198c35c31.jpg,hugs,0
https://storage.googleapis.com/vwb-solns-public/data/hugs-data/hugs-data/hugs/5949241317_a90d33372e_z.jpg,hugs,0
https://storage.googleapis.com/vwb-solns-public/data/hugs-data/hugs-data/hugs/4908655389_087e1cd0da.jpg,hugs,0
https://storage.googleapis.com/vwb-solns-public/data/hugs-data/hugs-data/hugs/2414928806_ca9d69bccf.jpg,hugs,0
https://storage.googleapis.com/vwb-solns-public/data/hugs-data/hugs-data/not-hugs/112462536_b1d14f79da.jpg,not-hugs,1
https://storage.googleapis.com/vwb-solns-public/data/hugs-data/hugs-data/not-hugs/2606536667_c49d17c34c.jpg,not-hugs,1
https://storage.googleapis.com/vwb-solns-public/data/hugs-data/hugs-data/hugs/57467133_8035d04e39.jpg,hugs,0
https://storage.googleapis.com/vwb-solns-public/data/hugs-data/hugs-data/hugs/14581333534_389cf6986b.jpg,hugs,0
https://storage.googleapis.com/vwb-solns-public/data/hugs-data/hugs-data/not-hugs/4106444676_ce458a10f9.jpg,not-hugs,1
https://storage.googleapis.com/vwb-solns-public/data/hugs-data/hugs-data/hugs/14805186903_649dac7d67.jpg,hugs,0
https://storage.googleapis.com/vwb-solns-public/data/hugs-data/hugs-data/hugs/946561039_e24f52e10c.jpg,hugs,0
https://storage.googleapis.com/vwb-solns-public/data/hugs-data/hugs-data/hugs/3869872081_726ef2154e.jpg,hugs,0
https://storage.googleapis.com/vwb-solns-public/data/hugs-data/hugs-data/not-hugs/16747479831_f7e19f8636.jpg,not-hugs,1
https://storage.googleapis.com/vwb-solns-public/data/hugs-data/hugs-data/not-hugs/5316179297_87ebce54a2.jpg,not-hugs,1
https://storage.googleapis.com/vwb-solns-public/data/hugs-data/hugs-data/not-hugs/3270566515_9ccca9c391.jpg,not-hugs,1
https://storage.googleapis.com/vwb-solns-public/data/hugs-data/hugs-data/not-hugs/20527499964_aeb2cc9a77.jpg,not-hugs,1
https://storage.googleapis.com/vwb-solns-public/data/hugs-data/hugs-data/not-hugs/8802178899_17846c61af.jpg,not-hugs,1
https://storage.googleapis.com/vwb-solns-public/data/hugs-data/hugs-data/not-hugs/3508792370_013cb83721.jpg,not-hugs,1
https://storage.googleapis.com/vwb-solns-public/data/hugs-data/hugs-data/hugs/6964252976_d6da981d21_z.jpg,hugs,0
https://storage.googleapis.com/vwb-solns-public/data/hugs-data/hugs-data/hugs/447675304_68e21b3dfa.jpg,hugs,0
https://storage.googleapis.com/vwb-solns-public/data/hugs-data/hugs-data/hugs/3093087988_cc98fd555b.jpg,hugs,0
https://storage.googleapis.com/vwb-solns-public/data/hugs-data/hugs-data/not-hugs/8313247242_ea1085de54.jpg,not-hugs,1
https://storage.googleapis.com/vwb-solns-public/data/hugs-data/hugs-data/hugs/3653702408_2722b826cc.jpg,hugs,0
https://storage.googleapis.com/vwb-solns-public/data/hugs-data/hugs-data/not-hugs/5388647702_632c426902.jpg,not-hugs,1
https://storage.googleapis.com/vwb-solns-public/data/hugs-data/hugs-data/hugs/8080053135_292367a5ed.jpg,hugs,0
https://storage.googleapis.com/vwb-solns-public/data/hugs-data/hugs-data/hugs/2667995581_8b3769b9a0.jpg,hugs,0
https://storage.googleapis.com/vwb-solns-public/data/hugs-data/hugs-data/hugs/5067163422_988976e471.jpg,hugs,0
https://storage.googleapis.com/vwb-solns-public/data/hugs-data/hugs-data/hugs/10283339635_19bd8ae00f.jpg,hugs,0
https://storage.googleapis.com/vwb-solns-public/data/hugs-data/hugs-data/not-hugs/8855807326_18ab8a583e.jpg,not-hugs,1
https://storage.googleapis.com/vwb-solns-public/data/hugs-data/hugs-data/not-hugs/15464265343_efc5461239.jpg,not-hugs,1
https://storage.googleapis.com/vwb-solns-public/data/hugs-data/hugs-data/hugs/4762876521_cf40c5599d.jpg,hugs,0
https://storage.googleapis.com/vwb-solns-public/data/hugs-data/hugs-data/not-hugs/3695594498_57e6c56b77.jpg,not-hugs,1
https://storage.googleapis.com/vwb-solns-public/data/hugs-data/hugs-data/not-hugs/3552819326_abb2e82ce5.jpg,not-hugs,1
https://storage.googleapis.com/vwb-solns-public/data/hugs-data/hugs-data/hugs/72758652_a6d146e0ac.jpg,hugs,0
https://storage.googleapis.com/vwb-solns-public/data/hugs-data/hugs-data/not-hugs/2465928388_2428dacd4a.jpg,not-hugs,1
https://storage.googleapis.com/vwb-solns-public/data/hugs-data/hugs-data/hugs/9169062946_70dcafa919_z.jpg,hugs,0
https://storage.googleapis.com/vwb-solns-public/data/hugs-data/hugs-data/not-hugs/5725242457_a6ffd0a615.jpg,not-hugs,1
https://storage.googleapis.com/vwb-solns-public/data/hugs-data/hugs-data/hugs/13686932724_d96fe2d379.jpg,hugs,0
https://storage.googleapis.com/vwb-solns-public/data/hugs-data/hugs-data/hugs/906420777_31969ad24b.jpg,hugs,0
https://storage.googleapis.com/vwb-solns-public/data/hugs-data/hugs-data/hugs/5638486415_d8fb2c9afd.jpg,hugs,0
https://storage.googleapis.com/vwb-solns-public/data/hugs-data/hugs-data/not-hugs/5076904141_1b345c8040.jpg,not-hugs,1
https://storage.googleapis.com/vwb-solns-public/data/hugs-data/hugs-data/not-hugs/8292508871_e7cb1b77a8.jpg,not-hugs,1
https://storage.googleapis.com/vwb-solns-public/data/hugs-data/hugs-data/not-hugs/5075870858_09818d56df.jpg,not-hugs,1
https://storage.googleapis.com/vwb-solns-public/data/hugs-data/hugs-data/not-hugs/12592964794_4e4eec21ee.jpg,not-hugs,1
https://storage.googleapis.com/vwb-solns-public/data/hugs-data/hugs-data/not-hugs/421110000_b14832891d.jpg,not-hugs,1
https://storage.googleapis.com/vwb-solns-public/data/hugs-data/hugs-data/hugs/9861812026_2c5d1c937b.jpg,hugs,0
https://storage.googleapis.com/vwb-solns-public/data/hugs-data/hugs-data/not-hugs/9387520243_c52c35b0d4.jpg,not-hugs,1
https://storage.googleapis.com/vwb-solns-public/data/hugs-data/hugs-data/hugs/2464787146_4b8e94601a.jpg,hugs,0
https://storage.googleapis.com/vwb-solns-public/data/hugs-data/hugs-data/not-hugs/15336155405_890a44e814.jpg,not-hugs,1
https://storage.googleapis.com/vwb-solns-public/data/hugs-data/hugs-data/hugs/2494305058_c0e80ef388.jpg,hugs,0
https://storage.googleapis.com/vwb-solns-public/data/hugs-data/hugs-data/not-hugs/4969711078_bfc01537d5.jpg,not-hugs,1
https://storage.googleapis.com/vwb-solns-public/data/hugs-data/hugs-data/not-hugs/8091964864_39a8fb3e4d.jpg,not-hugs,1
https://storage.googleapis.com/vwb-solns-public/data/hugs-data/hugs-data/not-hugs/247769206_a5a564ee8a.jpg,not-hugs,1
https://storage.googleapis.com/vwb-solns-public/data/hugs-data/hugs-data/hugs/2636709974_da8dd246a9.jpg,hugs,0
https://storage.googleapis.com/vwb-solns-public/data/hugs-data/hugs-data/not-hugs/4121912845_852c41d24c.jpg,not-hugs,1
https://storage.googleapis.com/vwb-solns-public/data/hugs-data/hugs-data/not-hugs/5854331740_e3eed9322c.jpg,not-hugs,1
https://storage.googleapis.com/vwb-solns-public/data/hugs-data/hugs-data/hugs/6112510044_82920110d2_z.jpg,hugs,0
https://storage.googleapis.com/vwb-solns-public/data/hugs-data/hugs-data/hugs/1094453538_1bcc1af8f9.jpg,hugs,0
https://storage.googleapis.com/vwb-solns-public/data/hugs-data/hugs-data/hugs/741120780_4937868978.jpg,hugs,0
https://storage.googleapis.com/vwb-solns-public/data/hugs-data/hugs-data/not-hugs/3733104640_084c0364ce.jpg,not-hugs,1
https://storage.googleapis.com/vwb-solns-public/data/hugs-data/hugs-data/not-hugs/6526738557_ae000afab3.jpg,not-hugs,1
https://storage.googleapis.com/vwb-solns-public/data/hugs-data/hugs-data/not-hugs/5740110088_c059f67134.jpg,not-hugs,1
https://storage.googleapis.com/vwb-solns-public/data/hugs-data/hugs-data/not-hugs/14000216427_df6e41329c.jpg,not-hugs,1
https://storage.googleapis.com/vwb-solns-public/data/hugs-data/hugs-data/not-hugs/6594501581_dac12dd3f7.jpg,not-hugs,1
https://storage.googleapis.com/vwb-solns-public/data/hugs-data/hugs-data/hugs/7055700253_96abe8ffa4_z.jpg,hugs,0
https://storage.googleapis.com/vwb-solns-public/data/hugs-data/hugs-data/hugs/559502511_96abca6d0a_z.jpg,hugs,0
https://storage.googleapis.com/vwb-solns-public/data/hugs-data/hugs-data/hugs/4485963900_9f6b4d09e2.jpg,hugs,0
https://storage.googleapis.com/vwb-solns-public/data/hugs-data/hugs-data/hugs/5522777549_636614bbcf_b.jpg,hugs,0
https://storage.googleapis.com/vwb-solns-public/data/hugs-data/hugs-data/not-hugs/139451103_5e4db4595a.jpg,not-hugs,1
https://storage.googleapis.com/vwb-solns-public/data/hugs-data/hugs-data/not-hugs/5731388403_2c155faa24.jpg,not-hugs,1
https://storage.googleapis.com/vwb-solns-public/data/hugs-data/hugs-data/not-hugs/8599546166_b3c0fd6495.jpg,not-hugs,1
https://storage.googleapis.com/vwb-solns-public/data/hugs-data/hugs-data/not-hugs/2561100701_c9923a7da9.jpg,not-hugs,1
https://storage.googleapis.com/vwb-solns-public/data/hugs-data/hugs-data/hugs/445326418_8122fbf96e.jpg,hugs,0
https://storage.googleapis.com/vwb-solns-public/data/hugs-data/hugs-data/hugs/1310117470_0001565741.jpg,hugs,0
https://storage.googleapis.com/vwb-solns-public/data/hugs-data/hugs-data/not-hugs/6321279642_f8327fd87d.jpg,not-hugs,1
https://storage.googleapis.com/vwb-solns-public/data/hugs-data/hugs-data/not-hugs/501423572_d5d2b4b49e.jpg,not-hugs,1
https://storage.googleapis.com/vwb-solns-public/data/hugs-data/hugs-data/hugs/4746718211_f3892a7cb9.jpg,hugs,0
https://storage.googleapis.com/vwb-solns-public/data/hugs-data/hugs-data/hugs/3508438792_c965f5cbf4.jpg,hugs,0
https://storage.googleapis.com/vwb-solns-public/data/hugs-data/hugs-data/not-hugs/6950574237_e35caa7710.jpg,not-hugs,1
https://storage.googleapis.com/vwb-solns-public/data/hugs-data/hugs-data/hugs/15073375969_3a9b7652ca.jpg,hugs,0
https://storage.googleapis.com/vwb-solns-public/data/hugs-data/hugs-data/not-hugs/16089485496_3109076cc2.jpg,not-hugs,1
